{"cameraMode":{"drawMode":0,"name":"Shaded","section":"Shading Mode"},"sceneLighting":true,"audioPlay":false,"sceneViewState":{"m_AlwaysRefresh":false,"showFog":true,"showSkybox":true,"showFlares":true,"showImageEffects":true,"showParticleSystems":true,"showVisualEffectGraphs":true,"m_FxEnabled":true},"in2DMode":false,"pivot":{"x":-11.324657440185547,"y":-4.149590492248535,"z":9.673235893249512},"rotation":{"x":-0.023976406082510949,"y":-0.9374402761459351,"z":0.34102264046669009,"w":-0.06592094898223877},"size":2.5075840950012209,"orthographic":false}