{"cameraMode":{"drawMode":0,"name":"Shaded","section":"Shading Mode"},"sceneLighting":true,"audioPlay":false,"sceneViewState":{"m_AlwaysRefresh":false,"showFog":true,"showSkybox":true,"showFlares":true,"showImageEffects":true,"showParticleSystems":true,"showVisualEffectGraphs":true,"m_FxEnabled":true},"in2DMode":false,"pivot":{"x":-8.789337158203125,"y":-3.7778849601745607,"z":11.152631759643555},"rotation":{"x":-0.015884898602962495,"y":0.9035675525665283,"z":-0.426828533411026,"w":-0.03362729027867317},"size":2.3423056602478029,"orthographic":false}