{"cameraMode":{"drawMode":0,"name":"Shaded","section":"Shading Mode"},"sceneLighting":false,"audioPlay":false,"sceneViewState":{"m_AlwaysRefresh":false,"showFog":false,"showSkybox":false,"showFlares":false,"showImageEffects":false,"showParticleSystems":false,"showVisualEffectGraphs":true,"m_FxEnabled":true},"in2DMode":false,"pivot":{"x":1.1920928955078126e-7,"y":0.8423444032669067,"z":0.02763304114341736},"rotation":{"x":0.16059371829032899,"y":-0.8249293565750122,"z":0.28893163800239565,"w":0.458507776260376},"size":1.123968243598938,"orthographic":true}