{"cameraMode":{"drawMode":0,"name":"Shaded","section":"Shading Mode"},"sceneLighting":false,"audioPlay":false,"sceneViewState":{"m_AlwaysRefresh":false,"showFog":true,"showSkybox":false,"showFlares":true,"showImageEffects":true,"showParticleSystems":true,"showVisualEffectGraphs":true,"m_FxEnabled":true},"in2DMode":false,"pivot":{"x":1.4901161193847657e-8,"y":1.5969665050506592,"z":-0.7660573720932007},"rotation":{"x":-0.015884898602962495,"y":0.9035675525665283,"z":-0.426828533411026,"w":-0.03362729027867317},"size":0.23532022535800935,"orthographic":false}